t,valence,arousal,dva/t,dva/t,avg va,avg ar,davgval,davgar,abs(D),abs(E),mean(J),mean(K)
0,0.19346815,-0.2504127,,,0,0,0,0,0,0,0.147174275,0.122106408
1,0.161908,-0.29942816,-0.03156015,-0.04901546,0,0,0,0,0.03156015,0.04901546,0.147647504,0.122499033
2,0.1459609,-0.22632611,-0.0159471,0.07310205,0,0,0,0,0.0159471,0.07310205,,
3,-0.20882845,0.10784102,-0.35478935,0.33416713,0,0,0,0,0.35478935,0.33416713,,
4,-0.14621815,0.03139653,0.0626103,-0.07644449,0.02925809,-0.127385884,0,0,0.0626103,0.07644449,,
5,-0.185785,0.09321544,-0.03956685,0.06181891,-0.04659254,-0.058660256,-0.07585063,0.068725628,0.03956685,0.06181891,,
6,-0.14383334,0.120271124,0.04195166,0.027055684,-0.107740808,0.025279601,-0.061148268,0.083939857,0.04195166,0.027055684,,
7,-0.15842575,0.07446813,-0.01459241,-0.045802994,-0.168618138,0.085438449,-0.06087733,0.060158848,0.01459241,0.045802994,,
8,-0.13796353,-0.02628085,0.02046222,-0.10074898,-0.154445154,0.058614075,0.014172984,-0.026824374,0.02046222,0.10074898,,
9,-0.11797217,-0.057886235,0.01999136,-0.031605385,-0.148795958,0.040757522,0.005649196,-0.017856553,0.01999136,0.031605385,,
10,0.19167435,-0.18439585,0.30964652,-0.126509615,-0.073304088,-0.014764736,0.07549187,-0.055522258,0.30964652,0.126509615,,
11,0.23469244,-0.5897317,0.04301809,-0.40533585,0.002401068,-0.156765301,0.075705156,-0.142000565,0.04301809,0.40533585,,
12,0.07886418,-0.57354856,-0.15582826,0.01618314,0.049859054,-0.286368639,0.047457986,-0.129603338,0.15582826,0.01618314,,
13,0.07728586,-0.5689982,-0.00157832,0.00455036,0.092908932,-0.394912109,0.043049878,-0.10854347,0.00157832,0.00455036,,
14,0.10996238,-0.52711755,0.03267652,0.04188065,0.138495842,-0.488758372,0.04558691,-0.093846263,0.03267652,0.04188065,,
15,0.09609653,-0.5160517,-0.01386585,0.01106585,0.119380278,-0.555089542,-0.019115564,-0.06633117,0.01386585,0.01106585,,
16,0.002991597,-0.53883904,-0.093104933,-0.02278734,0.073040109,-0.54491101,-0.046340169,0.010178532,0.093104933,0.02278734,,
17,-0.015784565,-0.5275432,-0.018776162,0.01129584,0.05411036,-0.535709938,-0.018929749,0.009201072,0.018776162,0.01129584,,
18,0.032177124,-0.5684902,0.047961689,-0.040947,0.045088613,-0.535608338,-0.009021747,0.0001016,0.047961689,0.040947,,
19,0.058890883,-0.52678484,0.026713759,0.04170536,0.034874314,-0.535541796,-0.010214299,6.6542E-05,0.026713759,0.04170536,,
20,0.07202898,-0.6116622,0.013138097,-0.08487736,0.030060804,-0.554663896,-0.00481351,-0.0191221,0.013138097,0.08487736,,
21,0.07901977,-0.70613885,0.00699079,-0.09447665,0.045266438,-0.588123858,0.015205634,-0.033459962,0.00699079,0.09447665,,
22,-0.00112721,-0.7280203,-0.08014698,-0.02188145,0.048197909,-0.628219278,0.002931471,-0.04009542,0.08014698,0.02188145,,
23,0.022530045,-0.6129972,0.023657255,0.1150231,0.046268494,-0.637120678,-0.001929415,-0.0089014,0.023657255,0.1150231,,
24,0.08860728,-0.45072618,0.066077235,0.16227102,0.052211773,-0.621908946,0.005943279,0.015211732,0.066077235,0.16227102,,
25,-0.005343881,-0.45195305,-0.093951161,-0.00122687,0.036737201,-0.589967116,-0.015474572,0.03194183,0.093951161,0.00122687,,
26,0.003526568,-0.3374183,0.008870449,0.11453475,0.02163856,-0.516223006,-0.015098641,0.07374411,0.008870449,0.11453475,,
27,0.17488901,-0.6311231,0.171362442,-0.2937048,0.056841804,-0.496843566,0.035203244,0.01937944,0.171362442,0.2937048,,
28,0.27648768,-0.6206396,0.10159867,0.0104835,0.107633331,-0.498372046,0.050791527,-0.00152848,0.10159867,0.0104835,,
29,0.3376499,-0.5098492,0.06116222,0.1107904,0.157441855,-0.51019665,0.049808524,-0.011824604,0.06116222,0.1107904,,
30,-0.014699875,-0.20668326,-0.352349775,0.30316594,0.155570657,-0.461142692,-0.001871198,0.049053958,0.352349775,0.30316594,,
31,0.09072041,-0.34921262,0.105420285,-0.14252936,0.173009425,-0.463501556,0.017438768,-0.002358864,0.105420285,0.14252936,,
32,0.08811956,-0.5148078,-0.00260085,-0.16559518,0.155655535,-0.440238496,-0.01735389,0.02326306,0.00260085,0.16559518,,
33,0.10307701,-0.35053506,0.01495745,0.16427274,0.120973401,-0.386217588,-0.034682134,0.054020908,0.01495745,0.16427274,,
34,-0.019500528,-0.4317133,-0.122577538,-0.08117824,0.049543315,-0.370590408,-0.071430086,0.01562718,0.122577538,0.08117824,,
35,0.07533498,-0.48002818,0.094835508,-0.04831488,0.067550286,-0.425259392,0.018006971,-0.054668984,0.094835508,0.04831488,,
36,0.075266354,-0.44389102,-6.86E-05,0.03613716,0.064459475,-0.444195072,-0.003090811,-0.01893568,0.000068626,0.03613716,,
37,-0.066167824,-0.4240323,-0.141434178,0.01985872,0.033601998,-0.426039972,-0.030857477,0.0181551,0.141434178,0.01985872,,
38,-0.12264144,-0.38728577,-0.056473616,0.03674653,-0.011541692,-0.433390114,-0.04514369,-0.007350142,0.056473616,0.03674653,,
39,-0.069175474,-0.3972178,0.053465966,-0.00993203,-0.021476681,-0.426491014,-0.009934989,0.0068991,0.053465966,0.00993203,,
40,-0.042494107,-0.42370918,0.026681367,-0.02649138,-0.045042498,-0.415227214,-0.023565817,0.0112638,0.026681367,0.02649138,,
41,0.17908181,-0.45741948,0.221575917,-0.0337103,-0.024279407,-0.417932906,0.020763091,-0.002705692,0.221575917,0.0337103,,
42,-0.0888607,-0.44953653,-0.26794251,0.00788295,-0.028817982,-0.423033752,-0.004538575,-0.005100846,0.26794251,0.00788295,,
43,-0.17349046,-0.4127818,-0.08462976,0.03675473,-0.038987786,-0.428132958,-0.010169804,-0.005099206,0.08462976,0.03675473,,
44,0.046705376,-0.34242475,0.220195836,0.07035705,-0.015811616,-0.417174348,0.02317617,0.01095861,0.220195836,0.07035705,,
45,-0.013766755,-0.41541496,-0.060472131,-0.07299021,-0.010066146,-0.415515504,0.00574547,0.001658844,0.060472131,0.07299021,,
46,0.40310326,-0.51838857,0.416870015,-0.10297361,0.034738144,-0.427709322,0.04480429,-0.012193818,0.416870015,0.10297361,,
47,0.55376303,-0.3762839,0.15065977,0.14210467,0.16326289,-0.413058796,0.128524746,0.014650526,0.15065977,0.14210467,,
48,0.631228,-0.6517749,0.07746497,-0.275491,0.324206582,-0.460857416,0.160943692,-0.04779862,0.07746497,0.275491,,
49,0.18436947,-0.12989369,-0.44685853,0.52188121,0.351739401,-0.418351204,0.027532819,0.042506212,0.44685853,0.52188121,,
50,-0.28602514,-0.17100751,-0.47039461,-0.04111382,0.297287724,-0.369469714,-0.054451677,0.04888149,0.47039461,0.04111382,,
51,-0.047249172,-0.009162094,0.238775968,0.161845417,0.207217238,-0.267624419,-0.090070486,0.101845295,0.238775968,0.161845417,,
52,0.05753787,-0.44624195,0.104787042,-0.437079857,0.107972206,-0.281616029,-0.099245032,-0.01399161,0.104787042,0.437079857,,
53,0.030103166,-0.21655409,-0.027434704,0.22968786,-0.012252761,-0.194571867,-0.120224967,0.087044162,0.027434704,0.22968786,,
54,0.16191238,-0.29350236,0.131809214,-0.07694827,-0.016744179,-0.227293601,-0.004491418,-0.032721734,0.131809214,0.07694827,,
55,0.05218449,0.03732287,-0.10972789,0.33082523,0.050897747,-0.185627525,0.067641926,0.041666076,0.10972789,0.33082523,,
56,0.4105596,-0.40348312,0.35837511,-0.44080599,0.142459501,-0.26449173,0.091561754,-0.078864205,0.35837511,0.44080599,,
57,-0.063124925,-0.39569417,-0.473684525,0.00778895,0.118326942,-0.254382174,-0.024132559,0.010109556,0.473684525,0.00778895,,
58,0.16778663,-0.63920474,0.230911555,-0.24351057,0.145863635,-0.338912304,0.027536693,-0.08453013,0.230911555,0.24351057,,
59,0.38977203,-0.33860686,0.2219854,0.30059788,0.191435565,-0.347933204,0.04557193,-0.0090209,0.2219854,0.30059788,,
60,0.27421454,0.015664153,-0.11555749,0.354271013,0.235841575,-0.352264947,0.04440601,-0.004331743,0.11555749,0.354271013,,
61,0.016325261,-0.15417193,-0.257889279,-0.169836083,0.156994707,-0.302402709,-0.078846868,0.049862238,0.257889279,0.169836083,,
62,-0.015016575,-0.5376299,-0.031341836,-0.38345797,0.166616377,-0.330789855,0.00962167,-0.028387146,0.031341836,0.38345797,,
63,-0.14528516,-0.6109299,-0.130268585,-0.0733,0.104002019,-0.325134887,-0.062614358,0.005654968,0.130268585,0.0733,,
64,0.009781505,-0.6310251,0.155066665,-0.0200952,0.028003914,-0.383618535,-0.075998105,-0.058483648,0.155066665,0.0200952,,
65,0.03164317,-0.47634017,0.021861665,0.15468493,-0.02051036,-0.4820194,-0.048514274,-0.098400865,0.021861665,0.15468493,,
66,-0.00856508,-0.5435826,-0.04020825,-0.06724243,-0.025488428,-0.559901534,-0.004978068,-0.077882134,0.04020825,0.06724243,,
67,-0.005068135,-0.5370536,0.003496945,0.006529,-0.02349874,-0.559786274,0.001989688,0.00011526,0.003496945,0.006529,,
68,0.074116446,-0.54790795,0.079184581,-0.01085435,0.020381581,-0.547181884,0.043880321,0.01260439,0.079184581,0.01085435,,
69,0.22584662,-0.44493747,0.151730174,0.10297048,0.063594604,-0.509964358,0.043213023,0.037217526,0.151730174,0.10297048,,
70,0.11246856,-0.4685175,-0.11337806,-0.02358003,0.079759682,-0.508399824,0.016165078,0.001564534,0.11337806,0.02358003,,
71,0.3613901,-0.3366002,0.24892154,0.1319173,0.153750718,-0.467003344,0.073991036,0.04139648,0.24892154,0.1319173,,
72,0.19986004,-0.43240753,-0.16153006,-0.09580733,0.194736353,-0.44607413,0.040985635,0.020929214,0.16153006,0.09580733,,
73,0.107902385,-0.2832871,-0.091957655,0.14912043,0.201493541,-0.39314996,0.006757188,0.05292417,0.091957655,0.14912043,,
74,-0.06942619,-0.42836264,-0.177328575,-0.14507554,0.142438979,-0.389834994,-0.059054562,0.003314966,0.177328575,0.14507554,,
75,-0.018528495,-0.37293863,0.050897695,0.05542401,0.116239568,-0.37071922,-0.026199411,0.019115774,0.050897695,0.05542401,,
76,-0.103923336,-0.39971313,-0.085394841,-0.0267745,0.023176881,-0.383341806,-0.093062687,-0.012622586,0.085394841,0.0267745,,
77,0.30944446,-0.52524424,0.413367796,-0.12553111,0.045093765,-0.401909148,0.021916884,-0.018567342,0.413367796,0.12553111,,
78,0.09903129,-0.3039419,-0.21041317,0.22130234,0.043319546,-0.406040108,-0.001774219,-0.00413096,0.21041317,0.22130234,,
79,0.030873429,-0.18869087,-0.068157861,0.11525103,0.06337947,-0.358105754,0.020059924,0.047934354,0.068157861,0.11525103,,
80,-0.15834686,-0.24649586,-0.189220289,-0.05780499,0.035415797,-0.3328172,-0.027963673,0.025288554,0.189220289,0.05780499,,
81,0.5275182,-0.2974502,0.68586506,-0.05095434,0.161704104,-0.312364614,0.126288307,0.020452586,0.68586506,0.05095434,,
82,0.39965498,-0.15900728,-0.12786322,0.13844292,0.179746208,-0.239117222,0.018042104,0.073247392,0.12786322,0.13844292,,
83,0.099019654,-0.06332391,-0.300635326,0.09568337,0.179743881,-0.190993624,-2.327E-06,0.048123598,0.300635326,0.09568337,,
84,0.32110637,-0.44717908,0.222086716,-0.38385517,0.237790469,-0.242691266,0.058046588,-0.051697642,0.222086716,0.38385517,,
85,0.4203855,-0.45748293,0.09927913,-0.01030385,0.353536941,-0.28488868,0.115746472,-0.042197414,0.09927913,0.01030385,,
86,0.26573387,-0.5030869,-0.15465163,-0.04560397,0.301180075,-0.32601602,-0.052356866,-0.04112734,0.15465163,0.04560397,,
87,-0.047474418,-0.3691167,-0.313208288,0.1339702,0.211754195,-0.368037904,-0.08942588,-0.042021884,0.313208288,0.1339702,,
88,0.08681363,-0.15021838,0.134288048,0.21889832,0.20931299,-0.385416798,-0.002441205,-0.017378894,0.134288048,0.21889832,,
89,0.12772915,-0.404031,0.04091552,-0.25381262,0.170637546,-0.376787182,-0.038675444,0.008629616,0.04091552,0.25381262,,
90,0.44066504,-0.12469109,0.31293589,0.27933991,0.174693454,-0.310228814,0.004055908,0.066558368,0.31293589,0.27933991,,
91,0.3144855,-0.35828936,-0.12617954,-0.23359827,0.18444378,-0.281269306,0.009750326,0.028959508,0.12617954,0.23359827,,
92,0.26343733,-0.5271926,-0.05104817,-0.16890324,0.24662613,-0.312884486,0.06218235,-0.03161518,0.05104817,0.16890324,,
93,0.4174695,-0.45167324,0.15403217,0.07551936,0.312757304,-0.373175458,0.066131174,-0.060290972,0.15403217,0.07551936,,
94,0.20561084,-0.36876687,-0.21185866,0.08290637,0.328333642,-0.366122632,0.015576338,0.007052826,0.21185866,0.08290637,,
95,0.17139101,-0.48683205,-0.03421983,-0.11806518,0.274478836,-0.438550824,-0.053854806,-0.072428192,0.03421983,0.11806518,,
96,0.22080721,-0.4066586,0.0494162,0.08017345,0.255743178,-0.448224672,-0.018735658,-0.009673848,0.0494162,0.08017345,,
97,0.1598289,-0.42920077,-0.06097831,-0.02254217,0.235021492,-0.428626306,-0.020721686,0.019598366,0.06097831,0.02254217,,
98,0.14261368,-0.30129138,-0.01721522,0.12790939,0.180050328,-0.398549934,-0.054971164,0.030076372,0.01721522,0.12790939,,
99,0.34521493,-0.4541137,0.20260125,-0.15282232,0.207971146,-0.4156193,0.027920818,-0.017069366,0.20260125,0.15282232,,
100,0.2021125,-0.49027953,-0.14310243,-0.03616583,0.214115444,-0.416308796,0.006144298,-0.000689496,0.14310243,0.03616583,,
101,0.47683096,-0.3939986,0.27471846,0.09628093,0.265320194,-0.413776796,0.05120475,0.002532,0.27471846,0.09628093,,
102,0.23094644,-0.3721749,-0.24588452,0.0218237,0.279543702,-0.402371622,0.014223508,0.011405174,0.24588452,0.0218237,,
103,-0.002044693,-0.39816606,-0.232991133,-0.02599116,0.250612027,-0.421746558,-0.028931675,-0.019374936,0.232991133,0.02599116,,
104,-0.09757259,-0.22923954,-0.095527897,0.16892652,0.162054523,-0.376771726,-0.088557504,0.044974832,0.095527897,0.16892652,,
105,-0.05249575,-0.25759992,0.04507684,-0.02836038,0.111132873,-0.330235804,-0.05092165,0.046535922,0.04507684,0.02836038,,
106,0.22969443,-0.40712452,0.28219018,-0.1495246,0.061705567,-0.332860988,-0.049427306,-0.002625184,0.28219018,0.1495246,,
107,0.23333451,-0.5937899,0.00364008,-0.18666538,0.062183181,-0.377183988,0.000477614,-0.044323,0.00364008,0.18666538,,
108,0.4011882,-0.4164469,0.16785369,0.177343,0.14282976,-0.380840156,0.080646579,-0.003656168,0.16785369,0.177343,,
109,0.14480798,-0.32056394,-0.25638022,0.09588296,0.191305874,-0.399105036,0.048476114,-0.01826488,0.25638022,0.09588296,,
110,0.36897582,-0.48225275,0.22416784,-0.16168881,0.275600188,-0.444035602,0.084294314,-0.044930566,0.22416784,0.16168881,,
111,0.038337063,-0.43974373,-0.330638757,0.04250902,0.237328715,-0.450559444,-0.038271473,-0.006523842,0.330638757,0.04250902,,
112,0.081686825,-0.4854633,0.043349762,-0.04571957,0.206999178,-0.428894124,-0.030329537,0.02166532,0.043349762,0.04571957,,
113,0.027165122,-0.23813497,-0.054521703,0.24732833,0.132194562,-0.393231738,-0.074804616,0.035662386,0.054521703,0.24732833,,
114,0.007389485,-0.41094646,-0.019775637,-0.17281149,0.104710863,-0.411308242,-0.027483699,-0.018076504,0.019775637,0.17281149,,
115,0.1608899,-0.45008317,0.153500415,-0.03913671,0.063093679,-0.404874326,-0.041617184,0.006433916,0.153500415,0.03913671,,
116,0.06317565,-0.45118728,-0.09771425,-0.00110411,0.068061396,-0.407163036,0.004967717,-0.00228871,0.09771425,0.00110411,,
117,0.08625245,-0.34987488,0.0230768,0.1013124,0.068974521,-0.380045352,0.000913125,0.027117684,0.0230768,0.1013124,,
118,0.24208975,-0.57439977,0.1558373,-0.22452489,0.111959447,-0.447298312,0.042984926,-0.06725296,0.1558373,0.22452489,,
119,-0.042661186,-0.2979619,-0.284750936,0.27643787,0.101949313,-0.4247014,-0.010010134,0.022596912,0.284750936,0.27643787,,
120,-0.058484595,-0.40059623,-0.015823409,-0.10263433,0.058074414,-0.414804012,-0.043874899,0.009897388,0.015823409,0.10263433,,
121,0.45335677,-0.18882152,0.511841365,0.21177471,0.136110638,-0.36233086,0.078036224,0.052473152,0.511841365,0.21177471,,
122,0.17930341,-0.3918045,-0.27405336,-0.20298298,0.15472083,-0.370716784,0.018610192,-0.008385924,0.27405336,0.20298298,,
123,0.22206692,-0.41079947,0.04276351,-0.01899497,0.150716264,-0.337996724,-0.004004566,0.03272006,0.04276351,0.01899497,,
124,0.18479669,-0.57298195,-0.03727023,-0.16218248,0.196207839,-0.393000734,0.045491575,-0.05500401,0.03727023,0.16218248,,
125,0.21662518,-0.28654543,0.03182849,0.28643652,0.251229794,-0.370190574,0.055021955,0.02281016,0.03182849,0.28643652,,
126,-0.017264504,-0.3637043,-0.233889684,-0.07715887,0.157105539,-0.40516713,-0.094124255,-0.034976556,0.233889684,0.07715887,,
127,0.20888574,-0.5059675,0.226150244,-0.1422632,0.163022005,-0.42799973,0.005916466,-0.0228326,0.226150244,0.1422632,,
128,0.15491489,-0.48921278,-0.05397085,0.01675472,0.149591599,-0.443682392,-0.013430406,-0.015682662,0.05397085,0.01675472,,
129,0.07213217,-0.46976575,-0.08278272,0.01944703,0.127058695,-0.423039152,-0.022532904,0.02064324,0.08278272,0.01944703,,
130,0.28583804,-0.10186607,0.21370587,0.36789968,0.140901267,-0.38610328,0.013842572,0.036935872,0.21370587,0.36789968,,
131,0.11664249,-0.44971412,-0.16919555,-0.34784805,0.167682666,-0.403305244,0.026781399,-0.017201964,0.16919555,0.34784805,,
132,0.07178404,-0.41958743,-0.04485845,0.03012669,0.140262326,-0.38602923,-0.02742034,0.017276014,0.04485845,0.03012669,,
133,-0.1677508,-0.062402017,-0.23953484,0.357185413,0.075729188,-0.300667077,-0.064533138,0.085362153,0.23953484,0.357185413,,
134,0.010645288,-0.46555397,0.178396088,-0.403151953,0.063431812,-0.299824721,-0.012297376,0.000842356,0.178396088,0.403151953,,
135,-0.07118289,-0.4873712,-0.081828178,-0.02181723,-0.007972374,-0.376925747,-0.071404186,-0.077101026,0.081828178,0.02181723,,
136,-0.0662153,-0.38497046,0.00496759,0.10240074,-0.044543932,-0.363977015,-0.036571558,0.012948732,0.00496759,0.10240074,,
137,-0.07463748,-0.3582098,-0.00842218,0.02676066,-0.073828236,-0.351701489,-0.029284304,0.012275526,0.00842218,0.02676066,,
138,-0.2072472,-0.31247845,-0.13260972,0.04573135,-0.081727516,-0.401716776,-0.00789928,-0.050015287,0.13260972,0.04573135,,
139,-0.24154526,-0.21718486,-0.03429806,0.09529359,-0.132165626,-0.352042954,-0.05043811,0.049673822,0.03429806,0.09529359,,
140,0.5657841,-0.6406447,0.80732936,-0.42345984,-0.004772228,-0.382697654,0.127393398,-0.0306547,0.80732936,0.42345984,,
141,0.5975489,-0.3477689,0.0317648,0.2928758,0.127980612,-0.375257342,0.13275284,0.007440312,0.0317648,0.2928758,,
142,0.3290646,-0.22065653,-0.2684843,0.12711237,0.208721028,-0.347746688,0.080740416,0.027510654,0.2684843,0.12711237,,
143,0.090066954,0.00961844,-0.238997646,0.23027497,0.268183859,-0.28332731,0.059462831,0.064419378,0.238997646,0.23027497,,
144,0.26721066,-0.27225667,0.177143706,-0.28187511,0.369935043,-0.294341672,0.101751184,-0.011014362,0.177143706,0.28187511,,
145,0.26179066,-0.387405,-0.00542,-0.11514833,0.309136355,-0.243693732,-0.060798688,0.05064794,0.00542,0.11514833,,
146,0.22567086,-0.62876266,-0.0361198,-0.24135766,0.234760747,-0.299892484,-0.074375608,-0.056198752,0.0361198,0.24135766,,
147,0.10084246,-0.452396,-0.1248284,0.17636666,0.189116319,-0.346240378,-0.045644428,-0.046347894,0.1248284,0.17636666,,
148,0.2838976,-0.18796109,0.18305514,0.26443491,0.227882448,-0.385756284,0.038766129,-0.039515906,0.18305514,0.26443491,,
149,-0.051246356,-0.28020748,-0.335143956,-0.09224639,0.164191045,-0.387346446,-0.063691403,-0.001590162,0.335143956,0.09224639,,
150,0.21141447,-0.3880172,0.262660826,-0.10780972,0.154115807,-0.387468886,-0.010075238,-0.00012244,0.262660826,0.10780972,,
151,0.103746794,-0.50537705,-0.107667676,-0.11735985,0.129730994,-0.362791764,-0.024384813,0.024677122,0.107667676,0.11735985,,
152,0.24144566,-0.4848558,0.137698866,0.02052125,0.157851634,-0.369283724,0.02812064,-0.00649196,0.137698866,0.02052125,,
153,0.23436064,-0.563455,-0.00708502,-0.0785992,0.147944242,-0.444382506,-0.009907392,-0.075098782,0.00708502,0.0785992,,
154,0.06271381,-0.33112994,-0.17164683,0.23232506,0.170736275,-0.454566998,0.022792033,-0.010184492,0.17164683,0.23232506,,
155,0.41300005,-0.37723625,0.35028624,-0.04610631,0.211053391,-0.452410808,0.040317116,0.00215619,0.35028624,0.04610631,,
156,-0.0972121,-0.06965084,-0.51021215,0.30758541,0.170861612,-0.365265566,-0.040191779,0.087145242,0.51021215,0.30758541,,
157,0.10431882,-0.31263477,0.20153092,-0.24298393,0.143436244,-0.33082136,-0.027425368,0.034444206,0.20153092,0.24298393,,
158,0.107516564,-0.29783192,0.003197744,0.01480285,0.118067429,-0.277696744,-0.025368815,0.053124616,0.003197744,0.01480285,,
159,0.32359484,-0.22126228,0.216078276,0.07656964,0.170243635,-0.255723212,0.052176206,0.021973532,0.216078276,0.07656964,,
160,-0.007169527,-0.25873926,-0.330764367,-0.03747698,0.08620972,-0.232023814,-0.084033915,0.023699398,0.330764367,0.03747698,,
161,0.24963933,-0.4242588,0.256808857,-0.16551954,0.155580006,-0.302945406,0.069370286,-0.070921592,0.256808857,0.16551954,,
162,0.19874744,-0.37495196,-0.05089189,0.04930684,0.17446573,-0.315408844,0.018885724,-0.012463438,0.05089189,0.04930684,,
163,0.39158145,-0.19557443,0.19283401,0.17937753,0.231278707,-0.294957346,0.056812977,0.020451498,0.19283401,0.17937753,,
164,0.12680322,-0.39308137,-0.26477823,-0.19750694,0.191920383,-0.329321164,-0.039358324,-0.034363818,0.26477823,0.19750694,,
165,0.24128436,-0.3940315,0.11448114,-0.00095013,0.24161116,-0.356379612,0.049690777,-0.027058448,0.11448114,0.00095013,,
166,0.10745058,-0.4590382,-0.13383378,-0.0650067,0.21317341,-0.363335492,-0.02843775,-0.00695588,0.13383378,0.0650067,,
167,-0.05003709,-0.44643718,-0.15748767,0.01260102,0.163416504,-0.377632536,-0.049756906,-0.014297044,0.15748767,0.01260102,,
168,-0.07635212,-0.45558444,-0.02631503,-0.00914726,0.06982979,-0.429634538,-0.093586714,-0.052002002,0.02631503,0.00914726,,
169,0.023648959,-0.40946752,0.100001079,0.04611692,0.049198938,-0.432911768,-0.020630852,-0.00327723,0.100001079,0.04611692,,
170,-0.05723061,-0.44721544,-0.080879569,-0.03774792,-0.010504056,-0.443548556,-0.059702994,-0.010636788,0.080879569,0.03774792,,
171,-0.03416086,-0.4607888,0.02306975,-0.01357336,-0.038826344,-0.443898676,-0.028322288,-0.00035012,0.02306975,0.01357336,,
172,-0.1139893,-0.4057097,-0.07982844,0.0550791,-0.051616786,-0.43575318,-0.012790442,0.008145496,0.07982844,0.0550791,,
173,-0.024013724,-0.3656344,0.089975576,0.0400753,-0.041149107,-0.417763172,0.010467679,0.017990008,0.089975576,0.0400753,,
174,-0.11818085,-0.44048563,-0.094167126,-0.07485123,-0.069515069,-0.423966794,-0.028365962,-0.006203622,0.094167126,0.07485123,,
175,-0.124452494,-0.42773485,-0.006271644,0.01275078,-0.082959446,-0.420070676,-0.013444377,0.003896118,0.006271644,0.01275078,,
176,-0.073516436,-0.42139432,0.050936058,0.00634053,-0.090830561,-0.41219178,-0.007871115,0.007878896,0.050936058,0.00634053,,
177,-0.10579888,-0.33688667,-0.032282444,0.08450765,-0.089192477,-0.398427174,0.001638084,0.013764606,0.032282444,0.08450765,,
178,0.43883947,-0.21684922,0.54463835,0.12003745,0.003378162,-0.368670138,0.092570639,0.029757036,0.54463835,0.12003745,,
179,0.35712636,-0.49685168,-0.08171311,-0.28000246,0.098439604,-0.379943348,0.095061442,-0.01127321,0.08171311,0.28000246,,
180,0.17109421,-0.5040978,-0.18603215,-0.00724612,0.157548945,-0.395215938,0.059109341,-0.01527259,0.18603215,0.00724612,,
181,0.2927521,-0.46790138,0.12165789,0.03619642,0.230802652,-0.40451735,0.073253707,-0.009301412,0.12165789,0.03619642,,
182,0.46118486,-0.32821512,0.16843276,0.13968626,0.3441994,-0.40278304,0.113396748,0.00173431,0.16843276,0.13968626,,
183,0.08175954,-0.44340214,-0.37942532,-0.11518702,0.272783414,-0.448093624,-0.071415986,-0.045310584,0.37942532,0.11518702,,
184,0.11179458,-0.44685742,0.03003504,-0.00345528,0.223717058,-0.438094772,-0.049066356,0.009998852,0.03003504,0.00345528,,
185,0.0403802,-0.33939362,-0.07141438,0.1074638,0.197574256,-0.405153936,-0.026142802,0.032940836,0.07141438,0.1074638,,
186,-0.028584365,-0.44501176,-0.068964565,-0.10561814,0.133306963,-0.400576012,-0.064267293,0.004577924,0.068964565,0.10561814,,
187,-0.073662095,-0.41023406,-0.04507773,0.0347777,0.026337572,-0.4169798,-0.106969391,-0.016403788,0.04507773,0.0347777,,
188,-0.08535015,-0.4487976,-0.011688055,-0.03856354,-0.007084366,-0.418058892,-0.033421938,-0.001079092,0.011688055,0.03856354,,
189,-0.16809769,-0.20703343,-0.08274754,0.24176417,-0.06306282,-0.370094094,-0.055978454,0.047964798,0.08274754,0.24176417,,
190,-0.07278995,-0.45697019,0.09530774,-0.24993676,-0.08569685,-0.393609408,-0.02263403,-0.023515314,0.09530774,0.24993676,,
191,-0.028369822,-0.4095072,0.044420128,0.04746299,-0.085653941,-0.386508496,4.2909E-05,0.007100912,0.044420128,0.04746299,,
192,0.058876727,-0.41520733,0.087246549,-0.00570013,-0.059146177,-0.38750315,0.026507764,-0.000994654,0.087246549,0.00570013,,
193,-0.06832927,-0.3879631,-0.127205997,0.02724423,-0.055742001,-0.37533625,0.003404176,0.0121669,0.127205997,0.02724423,,
194,0.09296527,-0.45679066,0.16129454,-0.06882756,-0.003529409,-0.425287696,0.052212592,-0.049951446,0.16129454,0.06882756,,
195,0.10681827,-0.41192675,0.013853,0.04486391,0.032392235,-0.416279008,0.035921644,0.009008688,0.013853,0.04486391,,
196,-0.13669592,-0.41448197,-0.24351419,-0.00255522,0.010727015,-0.417273962,-0.02166522,-0.000994954,0.24351419,0.00255522,,
197,0.16276833,-0.5193064,0.29946425,-0.10482443,0.031505336,-0.438093776,0.020778321,-0.020819814,0.29946425,0.10482443,,
198,0.16509715,-0.22041987,0.00232882,0.29888653,0.07819062,-0.40458513,0.046685284,0.033508646,0.00232882,0.29888653,,
199,0.29798308,-0.37011164,0.13288593,-0.14969177,0.119194182,-0.387249326,0.041003562,0.017335804,0.13288593,0.14969177,,
200,0.35487998,-0.474695,0.0568969,-0.10458336,0.168806524,-0.399802976,0.049612342,-0.01255365,0.0568969,0.10458336,,
201,0.13597488,-0.3834769,-0.2189051,0.0912181,0.223340684,-0.393601962,0.05453416,0.006201014,0.2189051,0.0912181,,
202,0.04027305,-0.4777505,-0.09570183,-0.0942736,0.198841628,-0.385290782,-0.024499056,0.00831118,0.09570183,0.0942736,,
203,0.06941628,-0.48893133,0.02914323,-0.01118083,0.179705454,-0.438993074,-0.019136174,-0.053702292,0.02914323,0.01118083,,
204,0.105476044,-0.3757401,0.036059764,0.11319123,0.141204047,-0.440118766,-0.038501407,-0.001125692,0.036059764,0.11319123,,
205,0.26005927,-0.40623966,0.154583226,-0.03049956,0.122239905,-0.426427698,-0.018964142,0.013691068,0.154583226,0.03049956,,
206,0.44292971,-0.5580513,0.18287044,-0.15181164,0.183630871,-0.461342578,0.061390966,-0.03491488,0.18287044,0.15181164,,
207,0.06873052,-0.47869197,-0.37419919,0.07935933,0.189322365,-0.461530872,0.005691494,-0.000188294,0.37419919,0.07935933,,
208,-0.00425927,-0.49107447,-0.07298979,-0.0123825,0.174587255,-0.4619595,-0.01473511,-0.000428628,0.07298979,0.0123825,,
209,-0.11257075,-0.40936127,-0.10831148,0.0817132,0.130977896,-0.468683734,-0.043609359,-0.006724234,0.10831148,0.0817132,,
210,-0.046715956,-0.4084262,0.065854794,0.00093507,0.069622851,-0.469121042,-0.061355045,-0.000437308,0.065854794,0.00093507,,
211,-0.18530735,-0.28886312,-0.138591394,0.11956308,-0.056024561,-0.415283406,-0.125647412,0.053837636,0.138591394,0.11956308,,
212,-0.11710062,-0.15936022,0.06820673,0.1295029,-0.093190789,-0.351417056,-0.037166228,0.06386635,0.06820673,0.1295029,,
213,0.09164137,-0.50888634,0.20874199,-0.34952612,-0.074010661,-0.35497943,0.019180128,-0.003562374,0.20874199,0.34952612,,
214,0.19387287,-0.46269688,0.1022315,0.04618946,-0.012721937,-0.365646552,0.061288724,-0.010667122,0.1022315,0.04618946,,
215,0.30277073,-0.33043572,0.10889786,0.13226116,0.0571754,-0.350048456,0.069897337,0.015598096,0.10889786,0.13226116,,
216,-0.2082967,0.039232247,-0.51106743,0.369667967,0.05257753,-0.284429383,-0.00459787,0.065619073,0.51106743,0.369667967,,
217,0.25954542,-0.27155644,0.46784212,-0.310788687,0.127906738,-0.306868627,0.075329208,-0.022439244,0.46784212,0.310788687,,
218,0.12762678,-0.048698545,-0.13191864,0.222857895,0.13510382,-0.214831068,0.007197082,0.092037559,0.13191864,0.222857895,,
219,0.075670026,-0.43880016,-0.051956754,-0.390101615,0.111463251,-0.210051724,-0.023640569,0.004779344,0.051956754,0.390101615,,
220,0.03999414,-0.5360991,-0.035675886,-0.09729894,0.058907933,-0.2511844,-0.052555318,-0.041132676,0.035675886,0.09729894,,
221,-0.06469226,-0.37439767,-0.1046864,0.16170143,0.087628821,-0.333910383,0.028720888,-0.082725983,0.1046864,0.16170143,,
222,-0.033830695,-0.46419337,0.030861565,-0.0897957,0.028953598,-0.372437769,-0.058675223,-0.038527386,0.030861565,0.0897957,,
223,-0.031123433,-0.48121527,0.002707262,-0.0170219,-0.002796444,-0.458941114,-0.031750042,-0.086503345,0.002707262,0.0170219,,
224,-0.08259781,-0.46763864,-0.051474377,0.01357663,-0.034450012,-0.46470881,-0.031653568,-0.005767696,0.051474377,0.01357663,,
225,-0.059791055,-0.42603981,0.022806755,0.04159883,-0.054407051,-0.442696952,-0.019957039,0.022011858,0.022806755,0.04159883,,
226,0.023989893,-0.38106692,0.083780948,0.04497289,-0.03667062,-0.444030802,0.017736431,-0.00133385,0.083780948,0.04497289,,
227,0.654153,-0.17612083,0.630163107,0.20494609,0.100926119,-0.386416294,0.137596739,0.057614508,0.630163107,0.20494609,,
228,-0.19884908,-0.3438216,-0.85300208,-0.16770077,0.06738099,-0.35893756,-0.033545129,0.027478734,0.85300208,0.16770077,,
229,-0.08542662,-0.26905477,0.11342246,0.07476683,0.066815228,-0.319220786,-0.000565762,0.039716774,0.11342246,0.07476683,,
230,0.4690286,-0.64815104,0.55445522,-0.37909627,0.172579159,-0.363643032,0.105763931,-0.044422246,0.55445522,0.37909627,,
231,0.19264327,-0.4997936,-0.27638533,0.14835744,0.206309834,-0.387388368,0.033730675,-0.023745336,0.27638533,0.14835744,,
232,0.124820285,-0.40783453,-0.067822985,0.09195907,0.100443291,-0.433731108,-0.105866543,-0.04634274,0.067822985,0.09195907,,
233,0.4229672,-0.30602762,0.298146915,0.10180691,0.224806547,-0.426172312,0.124363256,0.007558796,0.298146915,0.10180691,,
234,0.28141364,-0.2501277,-0.14155356,0.05589992,0.298174599,-0.422386898,0.073368052,0.003785414,0.14155356,0.05589992,,
235,0.28041792,-0.4298966,-0.00099572,-0.1797689,0.260452463,-0.37873601,-0.037722136,0.043650888,0.00099572,0.1797689,,
236,0.40953627,-0.46634308,0.12911835,-0.03644648,0.303831063,-0.372045906,0.0433786,0.006690104,0.12911835,0.03644648,,
237,0.23008624,-0.30616078,-0.17945003,0.1601823,0.324884254,-0.351711156,0.021053191,0.02033475,0.17945003,0.1601823,,
238,0.4422249,-0.29981163,0.21213866,0.00634915,0.328735794,-0.350467958,0.00385154,0.001243198,0.21213866,0.00634915,,
239,0.013768482,-0.46036705,-0.428456418,-0.16055542,0.275206762,-0.392515828,-0.053529032,-0.04204787,0.428456418,0.16055542,,
240,-0.13844144,-0.42184675,-0.152209922,0.0385203,0.19143489,-0.390905858,-0.083771872,0.00160997,0.152209922,0.0385203,,
241,-0.048433013,-0.3662225,0.090008427,0.05562425,0.099841034,-0.370881742,-0.091593856,0.020024116,0.090008427,0.05562425,,
242,0.041401464,-0.45682114,0.089834477,-0.09059864,0.062104079,-0.401013814,-0.037736955,-0.030132072,0.089834477,0.09059864,,
243,-0.14548591,-0.42083153,-0.186887374,0.03598961,-0.055438083,-0.425217794,-0.117542162,-0.02420398,0.186887374,0.03598961,,
244,-0.1793099,-0.41115758,-0.03382399,0.00967395,-0.09405376,-0.4153759,-0.038615677,0.009841894,0.03382399,0.00967395,,
245,-0.033905666,-0.41277084,0.145404234,-0.00161326,-0.073146605,-0.413560718,0.020907155,0.001815182,0.145404234,0.00161326,,
246,-0.049074363,-0.20235714,-0.015168697,0.2104137,-0.073274875,-0.380787646,-0.00012827,0.032773072,0.015168697,0.2104137,,
247,0.3725252,-0.6977048,0.421599563,-0.49534766,-0.007050128,-0.428964378,0.066224747,-0.048176732,0.421599563,0.49534766,,
248,0.12323476,-0.523252,-0.24929044,0.1744528,0.046694006,-0.449448472,0.053744134,-0.020484094,0.24929044,0.1744528,,
249,0.2874288,-0.2512649,0.16419404,0.2719871,0.140041746,-0.417469936,0.09334774,0.031978536,0.16419404,0.2719871,,
250,0.09955937,-0.6448906,-0.18786943,-0.3936257,0.166734753,-0.463893888,0.026693007,-0.046423952,0.18786943,0.3936257,,
251,0.2473854,-0.63803107,0.14782603,0.00685953,0.226026706,-0.551028674,0.059291953,-0.087134786,0.14782603,0.00685953,,
252,0.111344,-0.42263323,-0.1360414,0.21539784,0.173790466,-0.49601436,-0.05223624,0.055014314,0.1360414,0.21539784,,
253,0.32984704,-0.5394282,0.21850304,-0.11679497,0.215112922,-0.4992496,0.041322456,-0.00323524,0.21850304,0.11679497,,
254,0.37477377,-0.7605591,0.04492673,-0.2211309,0.232581916,-0.60110844,0.017468994,-0.10185884,0.04492673,0.2211309,,
255,0.16092953,-0.54106355,-0.21384424,0.21949555,0.244855948,-0.58034303,0.012274032,0.02076541,0.21384424,0.21949555,,
256,0.23526734,-0.26405007,0.07433781,0.27701348,0.242432336,-0.50554683,-0.002423612,0.0747962,0.07433781,0.27701348,,
257,0.06885279,-0.23623164,-0.16641455,0.02781843,0.233934094,-0.468266512,-0.008498242,0.037280318,0.16641455,0.02781843,,
258,0.35863423,-0.06397788,0.28978144,0.17225376,0.239691532,-0.373176448,0.005757438,0.095090064,0.28978144,0.17225376,,
259,0.07831792,-0.34942502,-0.28031631,-0.28544714,0.180400362,-0.290949632,-0.05929117,0.082226816,0.28031631,0.28544714,,
260,-0.12977642,-0.5138622,-0.20809434,-0.16443718,0.122259172,-0.285509362,-0.05814119,0.00544027,0.20809434,0.16443718,,
261,-0.06415027,-0.49845552,0.06562615,0.01540668,0.06237565,-0.332390452,-0.059883522,-0.04688109,0.06562615,0.01540668,,
262,-0.000440095,-0.5414261,0.063710175,-0.04297058,0.048517073,-0.393429344,-0.013858577,-0.061038892,0.063710175,0.04297058,,
263,-0.025714446,-0.5832934,-0.025274351,-0.0418673,-0.028352662,-0.497292448,-0.076869735,-0.103863104,0.025274351,0.0418673,,
264,0.30257052,-0.45514503,0.328284966,0.12814837,0.016497858,-0.51843645,0.04485052,-0.021144002,0.328284966,0.12814837,,
265,0.04643658,-0.51780504,-0.25613394,-0.06266001,0.051740458,-0.519225018,0.0352426,-0.000788568,0.25613394,0.06266001,,
266,0.051930945,-0.55305207,0.005494365,-0.03524703,0.074956701,-0.530144328,0.023216243,-0.01091931,0.005494365,0.03524703,,
267,0.17225072,-0.5040017,0.120319775,0.04905037,0.109494864,-0.522659448,0.034538163,0.00748488,0.120319775,0.04905037,,
268,-0.12101582,-0.30437896,-0.29326654,0.19962274,0.090434589,-0.46687656,-0.019060275,0.055782888,0.29326654,0.19962274,,
269,-0.11014205,-0.41333824,0.01087377,-0.10895928,0.007892075,-0.458515202,-0.082542514,0.008361358,0.01087377,0.10895928,,
270,0.081858024,-0.51388204,0.192000074,-0.1005438,0.014976364,-0.457730602,0.007084289,0.0007846,0.192000074,0.1005438,,
271,-0.07249094,-0.49642736,-0.154348964,0.01745468,-0.009908013,-0.44640566,-0.024884377,0.011324942,0.154348964,0.01745468,,
272,0.23805875,-0.7081178,0.31054969,-0.21169044,0.003253593,-0.48722888,0.013161606,-0.04082322,0.31054969,0.21169044,,
273,-0.18201917,-0.3592458,-0.42007792,0.348872,-0.008947077,-0.498202248,-0.01220067,-0.010973368,0.42007792,0.348872,,
274,-0.053321067,-0.42841038,0.128698103,-0.06916458,0.002417119,-0.501216676,0.011364196,-0.003014428,0.128698103,0.06916458,,
275,-0.17002092,-0.3878378,-0.116699853,0.04057258,-0.047958669,-0.476007828,-0.050375788,0.025208848,0.116699853,0.04057258,,
276,0.20533296,-0.4480957,0.37535388,-0.0602579,0.007606111,-0.466341496,0.05556478,0.009666332,0.37535388,0.0602579,,
277,0.43424004,-0.052809216,0.22890708,0.395286484,0.046842369,-0.335279779,0.039236258,0.131061717,0.22890708,0.395286484,,
278,0.4291725,-0.35251683,-0.00506754,-0.299707614,0.169080703,-0.333933985,0.122238334,0.001345794,0.00506754,0.299707614,,
279,0.1345681,-0.07085832,-0.2946044,0.28165851,0.206658536,-0.262423573,0.037577833,0.071510412,0.2946044,0.28165851,,
280,-0.14775398,-0.41016373,-0.28232208,-0.33930541,0.211111924,-0.266888759,0.004453388,-0.004465186,0.28232208,0.33930541,,
281,0.020528745,-0.3719832,0.168282725,0.03818053,0.174151081,-0.251666259,-0.036960843,0.0152225,0.168282725,0.03818053,,
282,0.23789945,-0.42920965,0.217370705,-0.05722645,0.134882963,-0.326946346,-0.039268118,-0.075280087,0.217370705,0.05722645,,
283,0.19451492,-0.45776117,-0.04338453,-0.02855152,0.087951447,-0.347995214,-0.046931516,-0.021048868,0.04338453,0.02855152,,
284,0.010395884,-0.44967252,-0.184119036,0.00808865,0.063117004,-0.423758054,-0.024834443,-0.07576284,0.184119036,0.00808865,,
285,0.21357106,-0.44579807,0.203175176,0.00387445,0.135382012,-0.430884922,0.072265008,-0.007126868,0.203175176,0.00387445,,
286,-0.000565302,-0.5070554,-0.214136362,-0.06125733,0.131163202,-0.457899362,-0.00421881,-0.02701444,0.214136362,0.06125733,,
287,0.023884576,-0.47938052,0.024449878,0.02767488,0.088360228,-0.467933536,-0.042802974,-0.010034174,0.024449878,0.02767488,,
288,0.15925536,-0.350364,0.135370784,0.12901652,0.081308316,-0.446454102,-0.007051912,0.021479434,0.135370784,0.12901652,,
289,0.18582371,-0.68172795,0.02656835,-0.33136395,0.116393881,-0.492865188,0.035085565,-0.046411086,0.02656835,0.33136395,,
290,0.10968823,-0.660814,-0.07613548,0.02091395,0.095617315,-0.535868374,-0.020776566,-0.043003186,0.07613548,0.02091395,,
291,0.088422865,-0.68916297,-0.021265365,-0.02834897,0.113414948,-0.572289888,0.017797633,-0.036421514,0.021265365,0.02834897,,
292,-0.060055073,-0.48714748,-0.148477938,0.20201549,0.096627018,-0.57384328,-0.01678793,-0.001553392,0.148477938,0.20201549,,
293,-0.17378901,-0.40912196,-0.113733937,0.07802552,0.030018144,-0.585594872,-0.066608874,-0.011751592,0.113733937,0.07802552,,
294,0.17483124,-0.26639244,0.34862025,0.14272952,0.02781965,-0.50252777,-0.002198494,0.083067102,0.34862025,0.14272952,,
295,0.22470717,-0.3781948,0.04987593,-0.11180236,0.050823438,-0.44600393,0.023003788,0.05652384,0.04987593,0.11180236,,
296,0.16626675,-0.6199775,-0.05844042,-0.2417827,0.066392215,-0.432166836,0.015568777,0.013837094,0.05844042,0.2417827,,
297,-0.01976842,-0.48931348,-0.18603517,0.13066402,0.074449546,-0.432600036,0.008057331,-0.0004332,0.18603517,0.13066402,,
298,0.31394893,-0.23282939,0.33371735,0.25648409,0.171997134,-0.397341522,0.097547588,0.035258514,0.33371735,0.25648409,,
299,-0.04590187,0.09255526,-0.3598508,0.32538465,0.127850512,-0.325551982,-0.044146622,0.07178954,0.3598508,0.32538465,,
300,-0.087181,0.03759963,-0.04127913,-0.05495563,0.065472878,-0.242393096,-0.062377634,0.083158886,0.04127913,0.05495563,,
301,-0.087182425,0.0375996,-1.43E-06,-3.00E-08,0.014783043,-0.110877676,-0.050689835,0.13151542,0.000001425,0.00000003,,
302,-0.08718268,0.037608214,-2.55E-07,8.61E-06,0.001300191,-0.005493337,-0.013482852,0.105384339,0.000000255,0.000008614,,
303,-0.08718366,0.03760717,-9.80E-07,-1.04E-06,-0.078926327,0.048593975,-0.080226518,0.054087312,0.00000098,0.000001044,,
304,-0.087231345,0.03777484,-4.77E-05,0.00016767,-0.087192222,0.037637891,-0.008265895,-0.010956084,0.000047685,0.00016767,,
305,-0.08742483,0.037887223,-0.000193485,0.000112383,-0.087240988,0.037695409,-4.8766E-05,5.7518E-05,0.000193485,0.000112383,,
306,-0.08742331,0.03788591,1.52E-06,-1.31E-06,-0.087289165,0.037752671,-4.8177E-05,5.7262E-05,0.00000152,0.000001313,,
307,-0.08742331,0.03788591,0,0,-0.087337291,0.037808211,-4.8126E-05,5.554E-05,0,0,,
308,-0.08742331,0.03788591,0,0,-0.087385221,0.037863959,-4.793E-05,5.5748E-05,0,0,,
309,-0.087367244,0.037962295,5.61E-05,7.64E-05,-0.087412401,0.03790145,-2.718E-05,3.7491E-05,0.000056066,0.000076385,,
310,-0.08731265,0.037977822,5.46E-05,1.55E-05,-0.087389965,0.037919569,2.2436E-05,1.8119E-05,0.000054594,0.000015527,,
311,-0.08731265,0.037977822,0,0,-0.087367833,0.037937952,2.2132E-05,1.8383E-05,0,0,,
